{"train": {"loss": [0.24996857345104218, 0.5367932319641113, 0.14461541175842285, 0.3608246445655823, 0.23383401334285736, 0.31038737297058105, 0.19643130898475647, 0.18287476897239685, 0.14255352318286896, 0.24243837594985962, 0.2546646296977997, 0.5216913819313049, 0.12766990065574646, 0.21873314678668976, 0.21684247255325317, 0.25007912516593933, 0.12532368302345276, 0.41611677408218384, 0.33246102929115295, 0.16310687363147736, 0.2992004156112671, 0.16409647464752197, 0.3730287551879883, 0.4395827651023865, 0.20022639632225037, 0.11004410684108734, 0.12019229680299759, 0.1059882640838623, 0.2369294911623001, 0.18211592733860016, 0.6561776399612427, 0.09240984171628952], "loss_classifier": [0.08319167047739029, 0.16006429493427277, 0.0430108867585659, 0.03800955414772034, 0.09856993705034256, 0.03558490797877312, 0.04077684134244919, 0.058921415358781815, 0.047314517199993134, 0.0785379484295845, 0.08115746080875397, 0.14594624936580658, 0.06434758752584457, 0.07649002969264984, 0.07867076992988586, 0.06200297921895981, 0.034627947956323624, 0.117108553647995, 0.11832291632890701, 0.06945915520191193, 0.05607312172651291, 0.08135698735713959, 0.08521421253681183, 0.14309027791023254, 0.10378467291593552, 0.034763216972351074, 0.026903918012976646, 0.02868504635989666, 0.08556392788887024, 0.09625624865293503, 0.19161948561668396, 0.02433590777218342], "loss_box_reg": [0.06349511444568634, 0.10238062590360641, 0.02694215625524521, 0.009468005038797855, 0.09169173240661621, 0.04958193749189377, 0.08456116914749146, 0.07866409420967102, 0.07632074505090714, 0.10189566016197205, 0.06803382933139801, 0.22446173429489136, 0.04319210350513458, 0.07626043260097504, 0.05309195816516876, 0.10168485343456268, 0.048125915229320526, 0.14244025945663452, 0.17383085191249847, 0.0689372643828392, 0.09541895985603333, 0.04156503826379776, 0.13836610317230225, 0.2590848505496979, 0.0798490047454834, 0.06199454516172409, 0.048085328191518784, 0.023225802928209305, 0.08215808123350143, 0.05146016180515289, 0.23318278789520264, 0.043801724910736084], "loss_objectness": [0.031313732266426086, 0.06686799973249435, 0.04172835499048233, 0.2309248149394989, 0.031364377588033676, 0.012976002879440784, 0.0081498883664608, 0.026408860459923744, 0.010481344535946846, 0.020605091005563736, 0.013073192909359932, 0.017992906272411346, 0.004079530946910381, 0.022774696350097656, 0.009929241612553596, 0.0032279547303915024, 0.011056865565478802, 0.017907412722706795, 0.023564809933304787, 0.00810339953750372, 0.02086002752184868, 0.026284772902727127, 0.00762646459043026, 0.02109306864440441, 0.008947825990617275, 0.0019522858783602715, 0.00313880224712193, 0.003737700404599309, 0.014574998989701271, 0.016734424978494644, 0.0627083107829094, 0.01089413370937109], "loss_rpn_box_reg": [0.07196804881095886, 0.2074802815914154, 0.03293401747941971, 0.08242227137088776, 0.012207964435219765, 0.21224451065063477, 0.06294339895248413, 0.01888039894402027, 0.00843691173940897, 0.04139968007802963, 0.09240014851093292, 0.13329048454761505, 0.016050685197114944, 0.043207988142967224, 0.0751505047082901, 0.08316335082054138, 0.031512945890426636, 0.13866055011749268, 0.016742438077926636, 0.016607055440545082, 0.12684831023216248, 0.014889665879309177, 0.1418219804763794, 0.01631457731127739, 0.007644885219633579, 0.011334063485264778, 0.04206424951553345, 0.0503397174179554, 0.05463247373700142, 0.01766509935259819, 0.1686670482158661, 0.013378076255321503]}, "val": {"loss": [0.04303261637687683, 0.027227364480495453, 0.04409685730934143, 0.01449882797896862, 0.018477438017725945, 0.01941433921456337, 0.024208370596170425, 0.029773853719234467, 0.020254284143447876, 0.03417469561100006, 0.021233990788459778, 0.014193095266819, 0.02885575219988823, 0.01931029185652733, 0.012113704346120358, 0.01598476618528366, 0.008664561435580254, 0.009861738421022892, 0.014477305114269257, 0.010379315353929996, 0.005475382320582867, 0.008840450085699558, 0.005657855421304703, 0.004402643069624901, 0.009326103143393993, 0.010097839869558811, 0.009022705256938934, 0.00804122444242239, 0.007909130305051804, 0.00871388241648674, 0.006465256214141846, 0.007787319831550121], "loss_classifier": [0.010610305704176426, 0.0044675241224467754, 0.022522030398249626, 0.007742257323116064, 0.008804021403193474, 0.005775206722319126, 0.00701126828789711, 0.011174637824296951, 0.009005694650113583, 0.01058703102171421, 0.010017325170338154, 0.008970100432634354, 0.01409953273832798, 0.015807637944817543, 0.004484893288463354, 0.010432969778776169, 0.00383534817956388, 0.005658377427607775, 0.007382008247077465, 0.0047731176018714905, 0.0032175653614103794, 0.004241283982992172, 0.0031560997013002634, 0.0028396896086633205, 0.007054218091070652, 0.00490318750962615, 0.0032129683531820774, 0.005175306461751461, 0.0032659072894603014, 0.005663343705236912, 0.003221937222406268, 0.0034464080817997456], "loss_box_reg": [0.0, 0.0, 0.0, 0.0, 0.0, 0.0, 0.0, 0.0, 0.0, 0.0, 0.0, 0.0, 0.0, 0.0, 0.0, 0.0, 0.0, 0.0, 0.0, 0.0, 0.0, 0.0, 0.0, 0.0, 0.0, 0.0, 0.0, 0.0, 0.0, 0.0, 0.0, 0.0], "loss_objectness": [0.03242231160402298, 0.02275983989238739, 0.021574825048446655, 0.0067565711215138435, 0.00967341661453247, 0.013639133423566818, 0.017197102308273315, 0.018599215894937515, 0.011248588562011719, 0.0235876627266407, 0.011216666549444199, 0.005222994368523359, 0.014756220392882824, 0.003502652980387211, 0.007628811057657003, 0.005551795940846205, 0.004829213488847017, 0.004203360993415117, 0.0070952968671917915, 0.005606197752058506, 0.0022578169591724873, 0.004599166102707386, 0.002501755952835083, 0.001562953693792224, 0.0022718850523233414, 0.005194652359932661, 0.005809737369418144, 0.0028659182135015726, 0.004643223248422146, 0.0030505391769111156, 0.0032433189917355776, 0.004340911749750376], "loss_rpn_box_reg": [0.0, 0.0, 0.0, 0.0, 0.0, 0.0, 0.0, 0.0, 0.0, 0.0, 0.0, 0.0, 0.0, 0.0, 0.0, 0.0, 0.0, 0.0, 0.0, 0.0, 0.0, 0.0, 0.0, 0.0, 0.0, 0.0, 0.0, 0.0, 0.0, 0.0, 0.0, 0.0]}}